-1.1419901407,1.4088270928,-6.7735874215,4.8772119178,12.6014027743,-0.4849404552,14.1834887112,0.9635360084,-13.4726147533,-14.0605587925,5.1424538662,-5.7516768604,10.8015692978,5.3839946358,-8.6252980344,-12.4929085612,7.5904530736,3.9166301871,-8.1963714721,-4.2534210809,-1.7243434745,-6.1306887111,9.9932976704,6.9842354382,-12.5871855639,10.2042716661,13.8073238163,-1.9340882139
-5.0644042828,-8.4422621618,-12.1650909858,9.6242110518,4.2098058848,12.7827732573,9.3382103576,-7.0751526159,-5.9185479151,12.0565273848,12.5688231773,4.1932678483,-2.6215130928,-3.9730101495,5.3132334194,1.6396345154,-13.8404650422,11.9976035096,-12.0081349202,-4.0090053002,1.7866468668,14.4933944001,-8.6419422169,11.4417292078,0.3723615226,1.4234730311,14.2066823809,6.2500593288
-5.5849164992,13.1836919107,-2.2025607571,-13.921906755,6.2591772299,5.4460333128,-6.2497451294,5.6534831387,-3.3200367311,-12.3622723912,-14.1993374208,-14.0341026486,0.9458986833,-13.3869153448,13.1644385566,14.491775161,-4.2715359366,-0.2762906848,4.2267160604,5.938951522,-5.1014466783,5.6830962758,0.4374517277,13.3372830068,11.8528981483,-3.9016196974,12.2708807678,-3.7363002395
-7.3796637713,-9.5535557546,-12.7651045731,13.1010283777,-7.9363600149,2.6412612919,2.7546202091,-14.7595316047,8.2807522907,5.8838537888,-11.7646439666,-11.0555444481,-3.4011366925,2.1384590401,4.3496020756,9.0241839443,5.5955594094,-1.4804303257,-7.4320517146,-5.4317897626,9.1010163444,-9.6604524791,3.9462621327,-5.2217249725,-14.4609489848,-5.9325258882,-2.7160372368,-1.2001267976
-1.0313317214,10.1027744661,8.7237966014,-10.4151594293,-7.1782363403,-14.6269900328,-9.5237348958,3.9842244133,3.5484548961,10.4915395242,0.7320597635,-6.875512786,-1.0513508498,-6.3286104765,-6.711111937,9.8559484208,-3.0758349063,14.2703504063,13.7609256003,6.4408615987,-11.9274868072,-14.5802670789,-5.5365919902,-8.8573306873,10.2130003267,0.3541781139,-6.0431691417,2.6830945894
-1.6253585783,-7.0348899361,-13.964375595,14.6668164064,4.4008676796,-5.5020784246,5.1827966995,4.3842728077,10.4432484257,13.9615399062,1.9767061545,-14.5287018493,-4.2312869924,9.6280583692,4.9282742405,-13.141165494,-4.0234885434,9.4179148048,8.8696782866,4.2523535669,12.2807479811,-11.6374243465,-1.2231596218,11.2720409109,11.8094180498,-4.5571773196,-3.5310739068,-1.1544350164
10.0628327902,8.7310846088,-4.5003626,-6.3195367547,6.7163021033,-2.0101409503,-9.2357375433,11.0969692234,2.6499438814,-12.4927174066,-7.8797173258,-10.0122675682,-8.3655944882,-0.0533046983,-0.5151328595,-1.0046919065,13.6782855799,14.2551813441,-0.3937301453,6.7910812912,-13.438968681,-14.345919125,-0.7054566266,-0.1506688789,9.4260530394,-2.8153375707,-8.8959148012,-4.82850605
3.0759696478,13.2797737215,-0.4631560513,10.3678415007,3.3274547412,-6.2299892985,-8.9186267074,6.294838913,0.9882741109,-3.2218365906,0.2359196156,-11.9430983458,13.7178480937,-1.4448064512,-9.0333775747,-3.071414114,-5.8786397434,13.764550404,10.9774181757,-0.9159629188,11.3594420472,-9.425236836,-5.8733004352,4.1955645913,-5.4561703215,1.2203644751,12.5909246226,-13.9785831393
1.3591709983,-1.9625972734,1.1542527548,-10.3425493343,2.0656974696,-6.5113647177,13.1941612356,-12.5477518344,-1.7042963013,-10.8961245025,-6.2416509013,-13.2005967565,10.2890776454,-0.4638900969,-8.5967775631,-6.3391814749,5.8660892269,5.6491071586,5.3260926654,10.3715369247,-4.4512137096,6.9727737358,13.5303090904,8.223170318,14.8681777223,-10.7993373671,-12.3706716593,-3.6932005019
10.0791925243,2.7655156324,4.7784964996,11.7286315729,2.1387066192,6.987247865,-9.131360755,0.631284662,5.9225303115,7.6670345232,6.4420419392,0.031753826,-8.2305171449,-9.711355312,9.902808608,-14.4862953523,2.449384873,0.3119153331,-6.7328291452,13.636480865,8.56573002,-6.1817392247,5.5650395874,9.6837063787,-5.0274492454,-6.8844913861,6.0503496668,-11.9789955059
13.2175707445,1.0212609003,4.0140681888,-4.2210761338,-8.0633150932,-4.7376433681,-13.5016561754,5.0145214204,-3.2535128335,11.7511744998,7.735031158,-3.6862733314,13.4592957116,-3.7345799697,12.75144257,-10.3687811137,10.7077055057,-11.4758603944,2.646876302,-7.1169556144,5.0184637362,5.8573312033,2.7247578615,5.0614414573,-0.0310460435,-1.7970514289,14.9129733956,-5.789249764
-6.3658800994,14.0595217688,0.1422469081,0.4395311076,-6.5798442814,-10.1100795108,2.4133197238,-4.7426716107,10.3618782028,12.9459792588,9.4867709204,5.9716820506,5.1430412236,2.0647792255,13.8002293512,1.864820142,-9.0860236439,-14.3198037931,-1.3964357631,11.7084294318,-8.2259110519,-4.7572691255,6.6003934556,9.6866432364,-7.7225640734,9.6562541141,3.7328985399,11.6179397492
10.3221902516,0.953604065,-9.6345002125,10.2173901216,8.2066394251,-10.5997368641,-7.8950352954,8.37018327,-5.3434912609,11.1368592738,9.7190888983,-6.4940215597,-7.0905211927,13.6786150203,2.7888111474,13.3947860904,-8.2835314901,-6.6731248745,10.6869480567,3.6855807493,-6.6995891384,7.823433318,6.478250063,-5.3688702704,-6.5975384014,-13.8190056277,-9.5106487762,-7.981665946
14.7342795385,9.2719827529,-5.2467160595,4.4439520944,9.0402638188,13.9073379926,-6.0888988168,-9.7987535564,-3.7812970378,-3.280465645,9.972112667,-3.6262366792,1.3219890366,-8.7322186542,-0.9691322193,2.557203784,3.4075940542,-11.1254968555,10.9148159617,-5.2121055656,-2.7698789512,11.5997898653,11.8798282918,2.6875623374,-13.6748908384,-6.5193391394,11.1175335291,9.1675072278
6.1691835056,-11.1714894381,11.3060719429,11.1036500773,-9.5596784818,-11.0018493823,-5.7139672972,-10.5722359451,-14.5142773107,-1.1509865211,8.7948010265,-8.114112917,13.6023885095,-9.9981986495,-7.1199251658,-7.7853002379,-2.9558686878,5.3202436752,6.8370540332,10.0400616254,12.9312966648,11.7137023546,-4.9475747096,-3.7739757162,6.4115396164,3.8652461542,2.9827157177,-12.0272671499
9.0717886867,8.3810811287,0.7959009385,-11.9807125126,-0.8024166795,-13.7828779361,12.8882670831,-8.5310479506,14.4153788721,14.5171537455,-12.2166664725,2.9489404741,-0.8120488128,11.4499171495,-10.8816273626,9.6931509402,13.624984292,4.5132989653,2.2326055099,3.4459632299,13.6939197243,1.8269842391,8.6873700754,-8.295350703,1.2967181677,-1.824747639,-9.5883692787,-0.7825581358
-0.3945909676,-13.0579366011,13.3644776739,-4.0990319993,7.8948729406,-3.1968484671,9.6169474519,-3.4201289992,3.2403992515,-0.9713976922,-9.6474981813,-2.561931001,5.1274025657,0.4817256896,8.6271182653,-0.8160176327,-14.5002914341,9.5961137819,-14.4434575598,-6.8755738412,-13.7353558886,-6.5797541094,14.6353912311,10.5766042373,-9.0423345461,-7.0531116583,-14.9815624168,-14.4795603907
-6.7475020407,1.1748411637,-6.4767363793,-0.9381259668,12.53042797,5.8739307568,2.5866921486,2.8831889532,2.2624082463,2.783434501,10.9720738117,-6.9271580934,5.7701413182,10.2228622023,-14.326140334,-2.6718205449,-12.4051128714,5.2886844513,10.2269106734,10.4875759276,13.2427307923,-6.714860948,4.058013932,-12.3179638268,14.7224947394,13.570848112,-3.8221803444,12.7252284407
9.1611508699,-1.8577627845,12.5049900797,13.6631960848,-0.8957070141,-4.5796457727,-1.247636254,-3.2904647901,-6.8297962416,14.3724756676,13.1227415248,-0.509475234,13.6122408163,-8.1867653351,12.6258396975,13.2111623609,-4.2872886255,-11.8364118982,2.8524976991,-0.5001887148,9.728525887,4.967773737,-10.0479763393,-5.6678038795,-7.2739043778,-8.6614747769,6.7825573887,4.5922434681
-12.3606610731,1.9194625721,-10.0183555237,0.9729708912,-8.3257774112,1.9805386245,11.3683450945,9.6881776825,-4.9617758412,14.5397425865,-5.182801154,4.3236644234,-14.6201340142,-4.4251250732,-5.0440627405,10.683001623,3.8018769765,-10.1874457925,7.9315863177,9.358421922,-13.9832807159,10.0753505201,11.8538977711,-13.954302749,-12.4260585801,6.2331685002,12.5739336779,-11.630316579
-6.3410049876,-7.2644248019,-9.7291416874,0.8979064074,-10.9669653842,-3.0264483023,0.2861245736,-6.6524127567,-13.2139019999,14.1810417128,11.1123109661,-7.2226934233,13.2900283183,-9.9572173319,-4.6037151413,9.5837203878,-12.8596659078,4.6676871028,-4.7629027187,8.4995630447,-14.6340010594,-0.5843406394,4.4196186429,7.7658295729,14.63186316,5.3180702919,-4.8057009124,1.8441517664
-1.838067601,9.1472874118,4.5155009247,-14.8840817323,14.8360956523,0.7055814794,0.6050706657,4.8290291875,-11.4174371491,8.1837006604,-10.440878702,-3.8243980393,14.8786449564,1.1517583573,7.4853916401,-5.0214555917,2.6306466486,1.718866912,13.0523144461,4.9427218694,0.6140419702,-6.4848225898,2.6582353659,-11.0877110192,-13.0776911142,-3.3982742625,2.569011191,-14.8632333089
1.8750825384,1.8888249182,13.1600864107,5.4430196126,0.6344840982,-2.5503283309,-8.9279765511,13.3883233616,4.6078411495,11.3624468697,3.321303727,-12.5327869693,-3.8943819699,14.344141888,-9.1335929776,-2.5311372009,-7.5490698272,1.228441032,8.6542864937,0.5554271947,5.4505579044,9.4095691704,-9.7846444508,-0.5234298964,4.074987874,4.2202696886,-9.9435376796,-3.7253908046
-8.9304005269,12.2201714447,-10.9784367257,-5.618386576,-3.967248967,-13.4385613814,11.0576036051,-5.8897949312,-0.6960410746,-2.9272789176,-4.6166449395,14.7044044838,8.3836918868,3.7024772389,-6.4966222666,-1.0036958943,-11.5165160102,-6.3604198104,-11.0677340349,8.7730642719,-0.5749297301,2.1608216819,13.4198637457,14.9357397883,-10.9910423683,11.1425336535,-4.2533292735,-1.5265647388
9.1980889997,10.9868676725,6.8229512084,-10.8401385307,1.2447617358,-12.8487605464,-10.3110626247,-6.6156504473,3.3678245365,5.7790970266,8.2074897998,-4.2066595397,10.6463685605,11.8737691796,-7.3613299355,0.1202196614,14.2732919773,10.4314466523,12.4580847759,-5.8823178631,-8.5796849629,-3.5018820866,-7.9108642521,-0.5462212231,-6.2853727124,14.7386944495,-10.262119025,-2.4394970569
-10.5893816327,-10.452967897,0.6897207771,8.3199628313,-3.3551865322,4.9798016868,-13.4375609702,-10.292712433,-8.7952393168,3.921065777,-8.5510817398,14.4080930731,-14.1247453581,-3.9740020235,11.303089679,-7.8320477325,0.4999465546,-7.7384586574,-10.3823789049,-12.8138957512,-12.5590860858,11.6989190385,3.1106611555,10.3893886755,-12.5473707073,-13.2791416013,-2.0466530158,14.4967228879
-4.9637884159,6.5764414018,14.1448770669,-4.3342383509,2.4927707661,-10.2978559638,-11.161182203,-7.3208970863,8.4379081836,7.1466421385,2.4537190981,12.9490846514,4.8722477753,-4.8158077264,9.7766731165,2.3780949699,-14.326794605,-0.9605815952,3.790866415,-1.83483241,-8.2361229212,-14.6449326995,6.5169019251,-6.7082059399,-13.9137596626,-9.5049477967,-2.7938782977,4.2041566504
-4.3286400128,-4.0082855762,-13.8004649115,-9.9354340745,14.8523013213,10.4510781679,6.2716061488,3.7396522079,14.3453749925,-5.891650627,5.3977758835,8.195947131,-0.5210882859,-4.5021845914,12.9682826408,-1.3474211533,-12.0745127695,-14.6536394142,0.4351217019,-0.7300145477,0.7145434353,6.2280907773,-8.9894801382,10.167960007,-14.9431088823,-3.6940325547,-10.5418157183,5.2446282506
-4.2739886267,-1.8485065039,-9.7340892406,8.8418536584,-10.0533531975,7.861885055,-13.0802403516,5.4466165142,3.2867775259,0.7230712773,2.8134119078,-5.7157529337,-5.5456270496,7.1861327229,5.8967922765,11.155919291,14.4125850897,14.3646054621,-5.2389028206,-8.3582968204,-12.7094444346,0.8220687218,-6.6912877159,13.7458720631,-0.3370638043,12.9111120346,12.7919938179,12.6748012205
6.8283008555,-11.4876184892,6.2117586054,-13.7413925862,-2.9568171818,3.1556935661,-6.0464627078,10.2849777396,6.5390100849,6.0546927428,-11.82878597,7.4635434216,13.3552595707,1.236299847,14.1391895514,12.2074419184,-6.9274483178,13.8258359614,6.5289855179,-1.7304075502,7.2556518669,13.8418621789,14.8819722128,2.8951933489,1.6378919082,14.9843254894,3.2282172061,7.7552463364
-2.9549983369,-5.7748690878,-11.1172346969,4.3779158569,3.0597927003,-10.5796347863,-2.3250837204,8.3207930777,-11.9144765276,-11.9195057029,-8.6507617576,-10.4634547642,12.4753609248,14.6973979419,-6.4058990958,-1.0110920742,-10.5419789147,-6.83951473,-14.0416500649,3.5417693498,-9.0481412804,-12.5893291438,7.7448636235,5.870509477,13.4327871508,-11.0734972449,12.8330149492,4.6659290899
-1.8099503627,0.436115857,3.7464294111,4.1898869288,3.4218960108,-3.591561317,-8.3879182245,5.126153176,-4.2401042106,-7.4309755146,13.6347026879,-8.0706951202,3.1766460117,-6.8405116149,-3.9713504781,14.5700879457,12.4229318059,13.7867500809,8.5651152698,-2.6329134355,9.7848965486,-10.1319283633,4.029714704,12.7442016561,-5.2907237305,-10.7340666455,-10.3427413174,13.2577360883
-1.0509527855,-2.3088465704,1.9950758513,11.73537246,-1.4411540718,-14.2672318815,13.5335933871,11.6257107577,0.608506484,-7.604426285,1.2966726429,-13.2729965265,3.5359051147,6.4799610124,-14.4812430001,7.0589829172,1.0276543134,3.9980393435,-9.0553425751,3.5254173673,-14.7598920094,-3.4024830182,-5.2813808665,9.000796922,2.7747338306,8.1800255039,-1.6241629037,-3.4438400526
-6.9074517897,3.3952757253,-8.0235233893,-4.3686301065,-12.6497575226,14.317266618,-8.0516422573,14.1679612991,-13.9201084509,10.9988334502,6.1800800236,-6.5153476452,5.3690345257,12.7904244529,11.2847854143,4.1878905654,9.8728389698,12.2056259224,4.5204129658,7.051064806,7.7390527835,1.2968170703,-5.6438602703,7.1931979526,8.0732761939,12.8098761565,-3.2118780264,-1.6872759524
12.1460641166,-2.7408841791,2.5686541413,-11.4692294148,-4.1970736234,8.5650837815,-14.4599756559,8.556288015,2.1631236495,-7.0832569301,-14.9389318872,-4.651151614,-11.4688202901,4.0855988756,-13.4223103062,-3.7784214065,-12.5806122219,-6.8212132047,-11.4043182688,-2.4933246755,3.6181521418,-2.6708944064,-7.5662716794,-0.7846866032,5.5180787404,-1.136484881,4.1644318092,8.6512743639
-1.6389010927,14.1912717421,-2.8252557777,2.0002485136,14.9178231824,13.7111980373,7.62395033,1.0080425471,-9.6649996944,5.0956532998,8.0073493022,11.6287501137,-1.0706476729,-11.4292469947,-4.2523925794,-7.1364741015,-0.6815969911,-12.0693403196,3.1966322871,4.7587123072,-4.6790042899,7.2849552891,14.8369145807,-2.3979112916,1.1200645577,-3.0030228907,-3.0471168939,11.5624334083
5.366649024,13.9858938024,-5.6708990674,0.4990793889,-1.8987884965,-13.0636024376,-7.6438298139,-5.808158488,-2.7278036246,1.009446619,-5.0870151095,8.2005595319,-1.9122349287,9.0727243035,2.1055625938,0.0864223383,11.1109994242,-11.2638314637,13.0050805446,-4.9065194478,-4.709460656,-9.5668219472,-12.3387184209,-8.2507398868,1.0531686811,-1.9081364337,10.5750432341,-0.1002558956
-13.7108783439,-9.7539183525,-4.3963353973,-5.6115240943,9.0384174606,5.4695382145,-4.5190601116,7.0040646376,11.2207729117,4.9223346466,-11.5516938212,-9.0492666734,12.0821805451,-1.0528630189,-8.8849610299,-2.5492517793,-8.2793639576,1.3933899003,0.9275272801,-2.5936265834,-3.7459132063,11.7995335328,-2.003681806,11.4213122507,2.6900239187,12.2051897194,0.492860871,-12.0098272887
1.5268150571,-8.1419161655,-10.6522225909,14.1992875766,-2.3737495137,5.8385344886,-3.4031833337,12.3328467642,2.5682988606,7.8932283454,-1.0795860535,10.4403966266,-7.3921285024,-10.4839565885,10.1986444092,-7.5735896732,2.1560671193,-5.0938976443,-11.8732626793,-7.7344947578,5.2701361444,0.8314610534,12.8785732182,-4.5751587997,3.260130119,-1.3510900804,6.4481863633,9.9905213152
6.6782775281,10.2676448913,14.8580349846,2.9285053057,11.0081895658,-2.47369967,14.7692563201,10.612578465,2.9450787111,14.5214109269,-4.6525638682,12.1712253984,10.3207098657,-1.3389817651,-9.8593203564,3.0265587241,13.3232680508,-3.9944724868,14.5026531331,1.4266021043,-10.2322879116,-1.2803559933,13.7138946209,-13.4042814841,-6.212557941,7.3858844979,-14.9906013845,6.8726003436
-10.67844408,-4.9857654583,-7.6916554161,2.7626321995,10.4880156843,11.0933845733,3.7253650836,11.0374349998,1.1330853577,3.510713783,-11.4233994766,4.446837993,-8.6745238609,5.7331863108,-9.2787401825,-9.7495701882,10.1695715268,-1.2699453056,-12.9509800358,4.0695175259,14.5764520287,14.6565851717,14.9426030979,-6.7738694123,-2.3365147649,9.5132465386,-12.7827806204,-12.8119601688
10.4275584578,-9.9614167426,8.6308948386,-11.0704287129,-9.4195827134,-7.8307765917,4.1058759224,-10.4516556519,4.0461867694,-2.569497812,6.482061899,14.2187288799,-5.4131104337,-2.3080314182,-5.3493619924,-6.5544927205,14.2790193767,-8.8957963707,14.0862488843,-4.239606911,-13.3126222475,-2.0300217786,2.4365115814,-12.1586561181,0.7920193499,-8.7910889093,-6.3414957343,-12.8628701639
2.9828342971,8.3416565313,-4.2080149718,-7.9894079108,-3.9221242941,-12.2975504857,7.2579842733,-10.6581315014,5.0109201909,-14.4562575405,-7.922899704,-4.5878929501,-6.3661142977,-10.6700112735,2.5672783824,-12.1343454175,8.0591594861,-9.7692625552,-1.9292776257,-0.6909839235,0.5685699368,-2.6662350801,1.1032050864,12.1042524607,-0.1277919367,13.1746662784,-10.1674837902,2.3927357025
5.1725534981,-6.7007011451,-8.4004409786,-13.4030857597,-6.9030868678,-14.3829577842,10.0073143683,10.657037132,0.584292057,12.4248562298,-2.6619916769,-9.2529494868,-11.2477441779,8.4572588225,-0.6582567282,7.0433467444,-3.3190492789,-13.1789122692,-5.9979119115,-1.6693215943,7.2909407289,-8.1168166635,5.0320734245,-9.2454600382,-7.8952398673,-2.8604070103,-10.4732992581,-12.3512002063
6.9691398964,-12.2251773801,7.5258027733,-1.8035730277,-2.4722164574,-4.7609247043,-14.9383673389,7.0502498896,-12.5489307082,-9.2032631815,-6.337736584,-12.6846784695,-5.4084604004,-10.0018155946,6.3236797061,-2.2415499442,-0.5572099737,2.7271332715,-1.872130524,14.1694725808,-2.1694072331,-6.4599362195,-6.1124863734,-2.5114635262,10.5084673525,11.945856771,3.8547590914,2.5574844855
10.0597133645,-3.4192736937,-3.1244486966,12.0674463314,14.1276138085,-13.9687174966,13.5045353605,-7.1076111645,-14.7001601012,11.5210967373,2.2472259976,-5.3924827085,7.6578901943,-3.3108898876,-10.9283717089,1.9719589995,-13.8111709794,12.4633410125,4.0221421124,2.9907110152,3.3435401898,4.724574332,10.974406842,-7.7447913697,-6.3235654469,-0.1610919662,1.3843035687,1.261407833
-9.9211096481,13.8752983072,14.845001644,-4.9716661824,-13.0603000641,1.1954717931,8.2643406468,-5.4063215532,4.7472510873,2.7321360234,2.9485691915,5.5613384765,3.0840450759,-3.7961199474,-12.0528365676,0.6805686023,1.2417786008,-6.7549684153,9.0964859818,4.7801222851,-2.3538504178,6.4264467028,5.218458564,-7.4561248145,-2.5274976646,-10.323670337,-1.9595838309,1.8816072558
-11.7921303513,4.8907803781,4.4841991355,-11.1236947203,-11.7978599061,12.9380627773,7.687103909,1.6045044265,12.3104709219,-5.8098315145,0.3685199288,-1.1211942126,-14.9711002186,-12.996133263,-0.4309712285,5.4859915094,-1.9487237698,-11.5964626241,9.8595379143,8.7153877342,-9.223529004,13.0037288748,11.3069605027,10.6224726543,-6.7923434997,13.1498651617,-4.4475314186,-6.3735887166
-1.1622644767,6.3145818414,9.0654893166,5.3235337403,0.1335682256,0.3236441083,-12.6783679732,-4.6714792766,-9.2337781223,6.4021586398,-3.1236037529,1.1804320251,1.2989497009,-7.0317584846,-5.9309358013,4.349268062,-14.4665714872,-12.1762934129,12.4014027475,-14.5503396912,12.5207660387,5.0842259232,-5.5359012022,4.3904963141,-10.9286595381,4.661587748,-0.745277912,-14.5029303539
2.3544548186,-11.6396286834,-0.6052396779,-0.9807144274,9.4451247902,9.7523522383,-6.6458405689,13.0817058828,1.247533028,-5.3917710807,9.6349077665,-2.9854113498,9.9639913041,9.8310315224,10.7786197867,1.1413697192,-10.6150716909,-8.8326227356,4.1535874111,7.7815055992,-8.8510274441,-10.6505803578,-6.1005240058,-11.6839389461,5.4317053151,13.7242301808,-4.5490322531,13.344442889
-9.7567527994,-11.2071580948,-9.4618985765,14.1444088214,-3.6862490231,-10.7293532828,0.8057331103,6.4422461572,8.7488230337,-3.0801082107,-7.7120819012,11.383677673,-12.2025768557,8.8750971439,2.9893635674,5.6168498301,1.8931887508,4.516290491,-4.3734151898,-5.4424551263,12.9173314646,-5.1807463815,10.050320278,-6.3196285868,3.5994497614,-4.951353482,-4.5165789953,-3.1467795518
-9.109800831,-2.6152543719,13.5598018306,-12.7364781316,-9.6415338196,-11.154850952,-11.6614137243,6.6136015758,11.7154617914,-14.644236612,5.1332549974,13.8595017804,-12.6567031332,-13.6352252996,-3.7205057148,9.2202563966,1.6063328046,-13.3578549239,-14.8420808404,-9.5506774724,-9.161868956,13.1018623079,13.6551955464,-14.3836115385,10.4374961451,-7.2910981738,3.4601669981,1.683069092
-7.3367298436,-8.2600935446,-1.7067936661,-3.2265683391,3.0529597187,-5.7139504929,7.771952708,-8.5331139334,-0.2331674911,-14.8981100164,0.730573588,-1.2452142159,14.8435256456,6.9242500822,-3.125104712,1.1863476475,-13.3336525618,-4.817730994,13.9528041682,-14.1367863739,-11.0642828488,-0.7273720048,-4.9805194691,8.7709843902,-8.2816888003,-14.4329087316,7.8063725328,2.0518282386
1.981507968,13.2307649762,11.8413248096,-13.8678527896,3.4044654774,-1.3750081094,9.3825504266,8.521941194,-12.1831938645,-5.3681676231,-5.5737810644,3.3448825015,13.3528354077,-10.0037879578,2.6934491846,-13.5480944738,-7.0793935233,-1.90492849,5.7854359256,-11.6181290293,9.7977539326,7.4583517889,-7.8793024664,13.8435807154,0.6103379321,10.4263023995,-13.5219355671,0.0877735487
-11.8522506635,2.7528860262,0.1838672295,-4.392082428,0.8407644729,-2.1005699709,10.2228935746,4.6762590173,8.4948301913,-11.9392213992,-5.3392334348,1.9742842231,-12.255569221,7.3071247441,-10.2088287645,-6.6890876444,0.8108269318,-5.9993351657,-0.0259632513,11.0985992671,-11.7590090332,13.1130320032,-7.0100779001,7.6697067952,-5.7582831173,4.4059438737,-7.5587502483,8.1534391561
-1.6616025426,-4.8350786372,7.6673908816,7.2941077866,-7.1991540542,1.3391624281,7.2072889256,6.1775822225,-2.3283878769,4.2735801305,5.63679719,3.5040409571,-1.9762044201,0.2935246051,-14.4180274641,-14.0530600726,-2.3746538918,-5.0016117757,8.5155726097,2.3269167022,3.530905289,2.0788916325,-5.5775519572,3.2449044852,-14.4186805412,4.2550144815,11.3855110071,2.9458337241
14.4175294216,-12.0854218451,-12.4562262186,12.7366882638,7.9865180361,-8.6972509456,-14.2150563594,6.75190687,-11.9036223833,-3.7410654484,-5.5339119119,1.8189140776,1.7789210952,8.9386105946,13.0996516075,13.2642018507,11.1158194408,-8.7215331139,9.120844302,6.8288895436,-10.6232164582,-7.4218122678,-0.8990533318,8.2816324395,5.1610863133,9.4638206918,2.7866975772,-5.1534799893
-14.1762885348,-1.961992137,-1.7276259006,-13.5348806147,-9.7621380755,-3.3029202898,9.6829520878,5.3291937999,13.251460303,13.6875045387,-1.9772445588,-6.1115853974,11.0800541599,-0.1324291777,5.0509589477,10.3529619991,8.5079137025,-12.6192377504,-4.5539018526,12.376483783,-7.0320148604,-5.356690404,9.7043926185,-2.6545765174,2.4851380781,-10.303999703,2.9882544054,2.2714569702
13.599542296,10.2747674712,-0.0527606498,10.2390847326,11.424714557,-6.8658460668,-13.0285930056,13.6936057869,-9.3310794719,12.3915744194,-12.7661461204,-0.8758573866,9.2515841409,2.8165060507,7.5750304856,0.1378585592,-3.8400907564,3.8671076082,7.4346078125,14.895327717,13.9409256678,-8.5853368258,0.9769226071,12.2714778094,7.4118844336,7.0461063763,11.9644385258,13.5858616702
8.002352392,-1.957219084,2.6634954236,14.2089636623,1.0160020177,8.6456034136,-1.9642617753,0.9057041463,11.2604309683,13.5180326982,-5.4590477945,-10.7963015731,2.8332209877,3.2371539765,-14.4301030416,-14.7855202078,13.0496969914,1.6485786381,-4.8499219805,-7.7999141097,-9.7365098161,-9.1830314185,-5.3415959006,1.9184388843,-12.568503276,6.450571335,-11.1861824397,-10.3551787377
8.335888766,0.7632135413,-2.2360200785,5.7883997491,1.0133565087,-14.8656277743,3.6179925439,-7.9064206735,-7.9990016327,-10.6162337098,-11.9012341981,7.4987170971,10.7705657221,-9.7565201009,-2.1779662733,6.1560583576,3.7230896543,-9.6520639254,0.7384704015,-12.590839617,9.9818585086,-11.4607014305,-5.7549489752,-7.2095222089,7.1282403683,-5.0116740467,-3.8243445748,-4.6524219924
-13.3455454976,-7.2399772945,3.6064732211,-10.5832611525,14.0744474106,-12.7764299774,-0.9075733772,-9.6953439849,-2.8923517519,4.4438358235,-1.7549067723,-14.6499706996,-9.5247610336,-1.9756512148,12.6077878786,-0.0082364278,10.2950626991,1.5104244748,-13.0073875267,-9.7127165208,0.2884429432,-8.3288378028,14.546321074,10.2236990135,11.2097517335,-14.0809730961,-7.5062383901,-2.9955522833
11.0634696417,4.5493434615,6.563598299,-2.6201766786,-7.3545690811,-4.0746154358,-14.7214596349,-5.5488094187,11.6040357097,11.5801986461,-4.6096499397,14.585623216,10.6912415356,14.6648985593,-14.697853501,-12.3782548575,1.5766798287,-9.9742823574,-7.4828029248,5.0691411843,4.503150468,8.4405070042,7.699352855,8.7472444161,-13.7794961998,-13.2344551453,10.3871549864,3.8678604313
-7.2937083303,6.1856394474,-9.1095091017,-2.5096870223,10.1879042663,7.4998827279,-2.9806257213,-0.4428990919,-9.7658736968,7.0509749017,13.1475411841,1.2143416521,11.1266188964,-4.3203288912,-2.2644478624,14.9920361353,-2.3300356187,10.6982213244,11.2386789223,14.18638087,-5.2226276849,-14.5595380925,-14.2133369301,-0.2900798676,12.3366675749,-8.5753380235,13.105657695,-7.8643270309
-11.6675722689,-8.1536115879,3.7238023596,-11.9169742586,6.9972529052,-7.2048480161,-0.9316788913,-2.2213292786,3.9915147329,14.686167619,9.6321068702,-12.4133215764,-3.0866949035,4.9198404274,1.7252255584,9.4058038785,4.11685793,7.8642234063,-7.0497918903,-1.27369183,-5.0142741003,6.0144723445,11.1544459386,-6.7392614554,2.6687404258,-3.0540310757,12.7289652383,-10.3305745502
8.3104172386,-8.8772457333,5.8004403213,-3.1015356127,-8.0229600748,-8.3597504869,0.4075311206,-11.0154773762,10.6510146617,4.1886483241,7.5954180506,-3.6876134032,8.3135785229,8.7391047887,-4.3064451274,8.8486439654,-7.7118858783,14.6200982784,11.0774892363,-14.0432363345,0.435099701,-7.2551974056,9.2721776064,10.6475561758,7.7525610408,4.2635422145,-10.2966445002,-13.8291951684
-10.4269026494,1.6414256069,10.1420861831,-8.8134990231,-9.1525992124,-12.3679352643,-4.4787626375,13.7173101437,2.0875845712,-7.0249989981,-0.7663610212,-5.4170525891,6.3386661819,14.1821347737,13.240809591,6.0626680636,8.167307458,-5.6569991402,2.4092324488,14.3528746447,-5.3733065951,-3.9486108541,13.7369921275,2.1136803056,-10.5585170542,3.5039878289,6.2867428436,7.432430263
11.4569364902,-10.8976177268,6.1287002083,5.3132257274,-11.4494694551,5.9998503011,5.6998833121,10.8812106815,-8.9409876315,-8.9165854895,10.720672119,7.5286922292,10.0014684075,14.7809486254,-11.9782401411,-0.9317377056,8.018818102,-12.7300344448,-5.2216156093,-4.6246400871,-10.1817138219,-4.945098902,-9.1033506993,11.7763010936,-2.3791270687,6.9682044126,-3.5448784298,8.9578349287
11.102147396,-4.2946485056,5.1934018285,-0.7898909921,-6.3657583989,3.7791435315,-5.5514472536,-3.6344358991,0.8855034752,9.9842523862,-4.5468648445,11.1559492626,-2.7054858676,7.7134790497,0.7425070797,4.2448310774,5.2469985546,2.244583082,4.3147484105,-8.5957106239,-14.5952856155,10.1884404876,-13.5026180222,13.135408417,-10.4209311774,-8.8018461332,-9.0021374428,-14.6726373739
-7.9868675494,13.7985787581,-10.0823842392,13.7442920031,-3.488607885,10.3515989484,4.6491699428,13.4750324451,-2.2259330613,1.4399761037,-0.607595549,-7.6827158252,-11.8607047741,9.4114245818,-14.734002743,4.4211421316,6.2169510659,2.6259347385,-6.6629238814,5.4606019086,5.1861334597,12.1576519522,2.8579970101,-7.7013916742,5.7362838746,13.199078385,-11.3326975251,-11.3778234291
-7.5672053213,11.9147422568,-0.6321797514,7.8710415148,6.6792217689,-7.0968810597,-7.2155148627,-9.0898491349,-5.0127362329,-8.8630986209,11.3676286846,2.2237200307,13.1806057959,-6.2395658028,-11.6468126884,5.3489416968,11.8121120435,-8.6163021018,-0.1218805431,10.9136338869,7.2650523607,-8.393880895,-9.3380149934,6.2274893413,-10.7345050367,14.4508278972,5.0465464045,6.3412741395
-1.9707496813,-10.12402466,-12.1426993642,11.5829740554,1.3265751503,12.3665556617,6.4467373341,-10.102543266,-13.4240381864,-7.4809855022,-6.9947455957,-12.802679967,14.9004714341,-11.1118658792,-0.1523563294,-10.7481138885,14.1037419443,14.2351841092,10.6845703354,14.8101418998,5.2645474129,-5.9985303474,-12.5507080276,-3.722145453,7.6708484827,1.4628996181,-3.9430025894,-12.5259569134
13.7582408667,-6.1610484397,-9.6937194764,14.4411625926,-2.7224769283,-8.9709045624,-12.3726421248,11.4837420976,8.6719663789,-12.8291939774,-2.9851950938,2.052964443,5.2751143943,3.9348907555,-4.1666444668,-5.6013254433,10.1450173576,3.9162228912,-14.4012537503,8.8818377754,0.4207362306,-8.2951093604,-13.0556525667,14.5827913526,-2.9989750041,11.187141971,-6.549277257,7.7461771881
7.9778693905,7.5055863405,3.1084956574,-14.4786339673,12.9154313541,-3.1007482022,-11.0066212248,7.5913614109,5.7929096088,2.5738113826,0.0231981634,-3.7089833437,-2.8025562846,-3.6115331121,8.5702180498,6.3058911179,-2.7889780626,7.8637311187,-2.77143948,-11.5943055111,-11.2721388548,-8.2724499278,5.1093383237,14.097581221,-5.8253691966,7.2904407639,-6.7036966015,-12.2606253554
-13.122721358,6.9485498397,7.0187500312,-7.8586639779,-3.4699085712,-7.8856153621,10.9353400844,-9.1124741091,-11.2388252527,-4.0068938864,-6.6358508328,7.0558373557,-5.7475869552,11.9862487644,4.8802108041,-4.8673992392,-6.7027004055,1.3626834944,5.6832327478,-1.0570608279,-9.0604668186,3.1688642067,0.1738292011,1.6305573884,12.3527599806,-14.7552745484,5.8860467799,5.9250226015
6.1308171164,8.7669033631,-6.1265015187,1.1388012305,-5.4042913902,6.2118016228,14.6806568271,13.6314841397,-1.3825688044,-8.6638765317,2.9428939937,2.6830398966,6.2228950702,9.437807401,-14.5434675578,-2.308426587,-9.7357861427,-5.1867267893,3.7209564592,7.0772770576,6.4225239837,-3.8247637859,2.9528625797,2.7805103995,9.2500430333,-3.7039874844,-12.0775030735,-4.4636988848
7.8562891144,5.9506631989,12.9625014849,5.3299185006,5.3626719512,13.572618989,8.6049525369,12.4225662652,5.0022283559,-1.7110020914,14.9051786336,-0.0147685255,-0.339403228,-8.2612542811,2.0454423919,4.0184636176,-5.7579695325,0.4547163745,6.4079941119,13.0019990806,-9.6318716041,-14.510703886,-13.3598801874,9.7797557104,14.0178760996,-14.8525418298,-14.7884682517,-2.6788641503
-14.9195135115,-10.8923960962,-10.8690944207,-0.3392196526,5.7447350678,-1.1726716112,9.7189828245,5.2703480362,-6.2529291111,13.8848550601,-14.7934323133,-1.9091388553,2.8062294876,-5.8385123551,-12.4004836879,0.7152865706,-0.8202002145,-4.957247717,10.8556093708,-13.8293136328,-14.138195589,12.9775400122,1.832898208,-7.2347325992,-5.0585257291,-2.8363392685,6.8619190405,9.9651321007
-14.466025759,-5.3682157439,0.7866326039,-12.8790311364,0.2618092455,-14.2228546706,4.624076408,14.3985553141,-11.3558479867,-13.7413326334,-14.4101625638,-8.9661563988,8.4113161673,13.8900128407,3.1462679314,11.4214288553,-8.0011211613,4.196745468,-13.5305162372,-9.4270090477,13.4082369,14.2178326873,-8.7319282188,14.0690018085,-13.9510779459,12.7957628397,3.3373083874,-6.3075961594
6.1198097223,-0.8704709183,8.9585318247,5.4013232448,6.3396457797,-7.0525645637,-11.7972758105,-2.6491604503,-6.8218758009,2.5652199683,-0.0133454884,6.9433620939,5.6516560817,11.9943602746,-10.977281047,-12.4463179123,-5.5772581887,14.2813750073,3.9892076941,-11.4828478868,12.9760759588,7.0447475449,3.5114604302,-10.6029613526,7.3299168766,10.3303076611,-4.5123694479,3.8512383879
-12.2989030177,13.6691453587,-14.2378699299,4.9121703589,1.1275351117,10.2253662941,6.6272308633,13.957703415,-11.1865937432,-4.2015005555,-11.4889071044,-10.2417486189,-2.0117972717,-8.3842316369,-2.7372006392,-7.3697586944,5.2920787831,0.6361353016,9.3452229312,-8.2316785351,7.3507981905,-9.1158248726,-11.5309026517,-10.138179221,-12.9996702122,6.699541329,13.3969028367,7.838672053
-5.0651571373,7.3176111911,-14.7200273105,5.1190825004,1.4550363635,-1.1335573717,-10.193179552,0.3429749066,-14.6249379249,-5.0628829872,14.5169776697,-5.7708118208,-13.334598458,2.4268211773,-7.3534056623,-10.576989979,2.2365236155,9.4022430104,6.0365845027,-6.1633835084,9.9510099383,-4.5217958977,11.8743570471,-7.4093633242,-3.0221024456,0.3634151221,-3.7488394553,-8.4907446838
-8.2375310068,0.4295508412,8.6226179325,-12.4687570836,1.0437745689,4.981073897,-0.2292929652,4.2383354017,-2.1953030008,-7.750237153,8.4788463586,-10.9560354984,-14.0324995866,-11.9604386381,5.4774847999,9.6808608417,1.4112180991,4.484296527,4.7315497924,-6.2597089368,-7.6970205374,4.8966320672,7.1528293856,8.5539027815,3.9475255754,2.6728184089,-10.1280687733,-8.6861019624
12.9417405444,8.5159829824,5.5654625318,12.8106996847,-12.137546631,-14.5324450956,-12.6405923238,-9.7210574129,-8.0987234021,11.6166289835,8.7547462691,8.0357207006,-14.6342225969,-5.3544563309,13.0572033126,-1.5666890623,13.4208059679,0.5674756164,-5.4713566526,0.475059734,-6.8158910703,11.3721598833,-8.8983392848,5.850809245,6.9277320777,-11.0199391312,9.8200847085,-3.4707646761
-9.1634689923,-8.9984666394,11.8798020647,-9.3008154036,10.8108442945,10.3730756735,11.198198225,-4.9496160426,-14.3797833299,9.5123848576,6.5811037372,0.2393095952,-4.9100645759,-7.2487075852,-2.6810011061,-0.4510781194,13.8560368612,9.5133422583,9.4795555536,-12.6439114263,-10.8962928321,-7.2945015797,1.8629528435,-11.8915598826,0.1473741992,-11.1821650554,-8.0544969282,5.4156104792
-2.2631185107,-1.0735225096,5.4132910622,-5.417495134,-10.0850406094,-14.1617108237,5.5594437939,-0.3148607057,-10.0528355597,-1.0119655066,8.9174084963,-7.6794703364,4.0056911327,6.6649248497,-4.6922158824,-13.7166280107,2.6245529996,-4.4306768158,-6.9108183808,-4.7972584787,13.8264937337,-3.2255799376,-11.8606695563,-0.3393650364,11.5431709596,14.5345795197,-2.2858117232,6.3295171408
7.8056766462,4.5050872265,0.9974190412,-11.4131179576,6.4992531676,-14.6391357255,1.7231288316,-10.6028659414,7.0730003188,-0.2696221596,11.9268944519,-3.0932054357,7.4869269072,4.6050870499,7.948561144,9.3370973326,-5.4917820244,0.9639889989,-6.5824184398,11.0250988932,-11.8840523093,-8.5889418327,6.3184546279,-13.2222110232,5.3005044791,4.4939593851,-10.2111662343,7.3275630564
2.1926189659,5.5485998246,-2.9906958752,12.7536862912,2.841981497,13.1638683705,12.4558193547,10.2863483627,-10.6667190376,-7.5103082088,6.512490701,9.9564375919,13.9629785738,-8.3278547572,-8.3196670855,13.7560957455,2.8432991755,13.5268534413,-1.6329045304,-12.4817484032,-8.434977914,11.8099427107,-0.2254567482,7.4439203661,-8.1535475659,-12.4174755596,8.68514213,11.9346089794
13.7070955939,-13.6565612976,0.0970172652,10.1982812722,11.0252113981,-4.3010655627,-5.6013604523,-12.1246488919,-12.3261785791,-3.8469590445,-10.2114268074,-7.5944192009,10.4676421392,-11.977824252,3.3788675454,-4.7542764961,-14.4249979484,-4.476607299,11.7438389467,-14.1661812678,8.0827655258,-4.5216118582,-3.9015000749,-6.1340857621,-12.5870044642,-12.8927019315,8.8065963614,8.2137868464
-12.0967968966,-13.8269449327,-13.8255778733,4.0722528873,11.3807804201,-8.0038423225,-0.3112948112,-13.2520772513,6.9682675615,-13.2529181207,10.2571518468,-13.6543820262,-13.3615691156,10.8268210575,3.653845369,-5.8923307017,2.1568258846,6.5574422966,-11.7622998882,3.2041679425,-6.0851708122,6.3269397329,1.6512128427,3.9158574015,11.1641204902,-1.4231607616,5.6225754965,-2.0364452751
-9.9861521844,-2.9053877403,8.5357517419,0.4780381497,3.6811328936,0.3649697028,0.6396334189,-14.4687277972,12.3610393848,2.0172764985,-6.6797192003,12.3458961084,-9.6754509948,3.8348421348,0.9942392407,12.8653701783,-4.9459665172,-11.9896983705,-4.8190382956,-3.976365682,8.1475334977,1.0693707321,-1.808722879,-10.8250921855,-10.9298220305,-14.2041666148,-0.2313743627,6.5504790955
-13.5596371302,7.4821380593,-0.6754017176,-0.4844943981,-9.3070522584,8.5377953638,-5.0030151254,12.2229033697,9.6003722664,-11.9213735709,-5.1916368522,-4.5507051721,5.1209600346,-0.955670843,-1.658467013,13.434926311,-10.3572395913,9.9440612747,10.4363645738,-2.621408865,14.2698618327,-3.6470881358,-13.6276079317,-6.5379076391,5.9953040332,4.6455969647,-13.8543441854,13.5617677821
7.3190486674,-7.2899026732,-11.3651880512,-7.0228425592,8.4867021761,6.8261336718,6.6315463089,4.9732189938,-6.7491437589,-7.8675785784,-2.4790553753,6.9388344024,2.7479841227,-13.1609959322,5.1120570841,4.2431899329,-12.4026911367,1.0207147234,9.2586701607,6.1164664746,-14.3766809392,-10.8027801366,-4.1262478116,2.0655919514,11.8691369864,1.8516492399,1.4119152329,3.8611143029
-8.4341368586,6.221603792,8.01530183,7.6418522779,0.2309086725,-0.819911966,-6.5043926229,-8.977316829,4.2039597537,1.3400535237,-10.1680551605,10.7071571153,-8.7399622924,-7.9350480339,-4.0763258375,-12.0920417339,6.907658444,13.9491383338,12.5627181768,-12.8880606889,-7.758532918,-8.4075224415,-12.9163989025,14.1389804338,5.9341180004,-10.1902961089,-7.2031114259,2.3418717244
-13.9463036208,-1.0744761307,-8.6845945579,13.0416733358,-9.4468909208,1.1981579281,11.8407401734,0.7538393339,-12.7133718714,-2.2319476442,14.9852462458,-14.8855420722,11.9828043215,6.842066056,-13.7994259477,-14.3103683517,10.9119597075,6.3727062032,14.1331089456,3.1083609325,2.3872031927,-7.3053270268,8.4991934238,0.4343943766,-5.0308062494,-7.0926956992,-3.324489454,7.3768730513
3.9408939816,-13.902803878,10.0100491941,9.0740777158,-3.0335646868,-6.1871404212,14.0975037517,8.8346754733,-8.6883735159,10.2727842487,-5.2701474643,-10.8321797768,-10.8213601893,-13.29088785,9.0766833424,-13.6637755014,3.9974168444,5.5681707407,2.7566641381,-4.8734929852,-9.3844732146,-8.6307860592,-5.0482307151,8.3336185124,-8.1416767316,-8.8802973603,-0.3025052973,-14.0487617101
-10.2931752406,-14.0270262776,1.0940603802,-5.1578211546,-14.9117046667,-7.2895336837,4.4129220822,-11.0041478862,13.9218743133,-7.2657000081,-5.9598926975,0.8618123223,-4.4272290504,8.4483088301,12.7042713147,10.2231910735,-3.89565386,-10.4918086232,3.3988018087,-14.3798405627,11.7699091551,-10.7942568112,4.9184952387,7.3147194193,2.3758127107,-2.6031705161,7.9878982878,13.0239973201
3.4620856034,-1.0875691881,-11.5472365168,-6.7020847598,-11.8771746509,6.6489431324,5.539371668,-13.9406529959,9.5703159158,14.7349111998,-11.457018015,-9.9424909451,-13.1158253072,-9.1072276154,-7.5868593691,-10.4298590913,-1.7673411385,5.3708328101,-5.8734576584,-10.2386812928,7.1163864091,8.6526269876,3.9796969775,14.3478308973,1.5601405002,-5.3668043861,-5.2638948374,-0.6354141548
13.7452985489,9.8331572824,2.1010184667,-6.0392675938,12.7003354182,-8.3559698346,14.3411610837,-4.4428546635,-12.8961802548,12.0675235353,-4.4936410749,-1.3136195855,-9.242331476,8.878582321,6.1784297315,12.0447968826,-14.2150925088,-10.9710179797,14.1650313189,0.3036106552,-2.895052096,-11.5135475074,-6.2174286166,10.0733620287,11.7552846882,2.5377006934,-13.0442778738,8.9300842314
-2.1068601472,13.6904252331,11.5456294679,-14.7940128308,6.6416465906,-7.0760638901,6.9225607087,4.4438378316,-10.4431856716,0.9243387794,-3.6008782023,0.1659004317,-13.7559509326,-0.2151377958,9.632016167,14.6369773188,-2.3127199618,-3.4497729806,4.9152792909,-0.7990352836,9.9366114264,8.0565541309,-13.0348178469,13.3881804104,1.6629410476,11.5835816153,-14.0839697875,-2.4938232255
